movie_id,movie_cn,movie_en,n_reviews,star_pos,star_neg,star_mid,star_pos_rate,model_pos,model_neg,model_pos_rate,pred_rating_mean,star_mean,bayes_rating,rating_score,sentiment_score,final_score,confidence,likes_sum,likes_mean,pros,cons,n_suspect,suspect_rate
20,疯狂动物城,Zootopia,130453,123416,789,6248,0.9460572006776387,127727,2726,0.9791035851992672,4.6105633,4.6344047281396366,4.633644831375479,9.084112078438697,9.791035851992673,9.37,0.999,51016,0.3910680474960331,剧情故事、笑点幽默、整体观感、画面特效、角色人物、爱情感情线,,12878,0.0987
3,你的名字,Your Name,108409,89706,3820,14883,0.8274774234611517,103631,4778,0.9559261684915459,4.4568458,4.305731073988322,4.305119701320285,8.262799253300713,9.559261684915459,8.78,0.999,119268,1.1001669603077235,画面特效、剧情故事、情感共鸣、配乐音效、爱情感情线、结局结尾,,9295,0.0857
10,大圣归来,CUG King of Heroes,128113,104808,5614,17691,0.8180902796749744,122393,5720,0.9553519158867563,4.45229,4.261300570590026,4.260817808416953,8.152044521042383,9.553519158867562,8.71,0.999,99142,0.7738636984537088,画面特效、整体观感、情感共鸣、剧情故事、配乐音效、结局结尾,,11393,0.0889
19,爱乐之城,La La Land,94220,76479,3916,13825,0.8117066440246232,89702,4518,0.9520483973678624,4.408355,4.221258756102738,4.2206449710619465,8.051612427654867,9.520483973678624,8.64,0.999,95643,1.0151029505412863,爱情感情线、配乐音效、结局结尾、画面特效、整体观感、剧情故事,广告植入,6028,0.064
25,釜山行,Train to Busan,98706,78800,3275,16631,0.7983303953153811,95111,3595,0.9635787084878326,4.3749895,4.119962312321439,4.1194789149501325,7.798697287375331,9.635787084878325,8.53,0.999,91862,0.930662776325654,整体观感、情感共鸣、剧情故事、节奏剪辑、结局结尾、氛围风格,,6596,0.0668
7,复仇者联盟,The Avengers,74844,57256,2798,14790,0.7650045427823206,70144,4700,0.9372027149804928,4.292932,4.052041579819358,4.051494898465024,7.62873724616256,9.372027149804929,8.33,0.999,11691,0.1562049062049062,画面特效、笑点幽默、动作场面、整体观感、角色人物、改编还原,,7429,0.0993
26,钢铁侠1,Iron Man,22053,16510,528,5015,0.7486509771913118,20833,1220,0.944678728517662,4.299778,3.9745612841790234,3.973061602065761,7.432654005164403,9.44678728517662,8.24,0.995,1992,0.0903278465514896,整体观感、角色人物、剧情故事、画面特效、笑点幽默、动作场面,,2117,0.096
18,湄公河行动,Operation Mekong,33583,24430,1812,7341,0.7274513890956734,31449,2134,0.9364559449721586,4.288145,3.963850757823899,3.962896228678052,7.407240571695129,9.364559449721586,8.19,0.997,85799,2.5548342911592177,动作场面、整体观感、节奏剪辑、剧情故事、角色人物、题材受众,广告植入,1895,0.0564
12,寻龙诀,The Ghouls,109026,77026,7788,24212,0.706492029424174,101035,7991,0.926705556472768,4.2256594,3.8968686368389194,3.89663539092941,7.241588477323525,9.26705556472768,8.05,0.999,66546,0.6103681690605911,画面特效、整体观感、演技表演、角色人物、笑点幽默、剧情故事,广告植入,8381,0.0769
0,七月与安生,Soulmate,66116,47006,3651,15459,0.710962550668522,61119,4997,0.924420715106782,4.2122574,3.8650402323189548,3.8647039034457356,7.161759758614339,9.24420715106782,7.99,0.998,56166,0.8495069272188275,演技表演、结局结尾、情感共鸣、剧情故事、爱情感情线、角色人物,广告植入,4234,0.064
22,美国队长3,Captain America Civil War,61841,41702,4451,15688,0.674342264840478,56850,4991,0.9192930256625863,4.222437,3.8530101389046103,3.852670019382361,7.131675048455902,9.192930256625862,7.96,0.998,46806,0.7568765058779774,动作场面、角色人物、整体观感、画面特效、笑点幽默、爱情感情线,,4729,0.0765
17,泰囧,Lost In Thailand,81715,51767,6303,23645,0.6335067001162578,74200,7515,0.9080340206816374,4.171993,3.7697607538395643,3.769605007279384,6.92401251819846,9.080340206816373,7.79,0.999,26933,0.32959676925901,笑点幽默、整体观感、情感共鸣、结局结尾、演技表演、节奏剪辑,,9127,0.1117
9,夏洛特烦恼,Goodbye Mr. Loser,104250,66386,14081,23783,0.6367961630695443,92515,11735,0.8874340527577937,4.158805,3.760978417266187,3.7608647213278656,6.902161803319665,8.874340527577937,7.69,0.999,66750,0.6402877697841727,笑点幽默、情感共鸣、整体观感、结局结尾、爱情感情线、配乐音效,广告植入,9219,0.0884
6,后会无期,The Continent,115380,68607,15233,31540,0.5946177847113885,99683,15697,0.8639538914889929,4.0499735,3.680941237649506,3.680907808023578,6.7022695200589455,8.639538914889929,7.48,0.999,100833,0.8739209568382735,笑点幽默、配乐音效、整体观感、结局结尾、氛围风格、情感共鸣,,10383,0.09
24,西游降魔篇,Journey to the West Conquering the Demons,76878,41895,10094,24889,0.5449543432451417,68209,8669,0.8872369208356097,4.07515,3.5389838445328965,3.539118107388641,6.347795268471602,8.872369208356098,7.36,0.999,29379,0.38215094045110437,笑点幽默、氛围风格、情感共鸣、整体观感、画面特效、爱情感情线,,7116,0.0926
4,十二生肖,Chinese Zodiac,44336,22032,5848,16456,0.49693251533742333,39399,4937,0.8886457957416095,4.0535116,3.4823845182244675,3.482744479038681,6.2068611975967025,8.886457957416095,7.28,0.998,9452,0.21319018404907975,动作场面、笑点幽默、整体观感、氛围风格、画面特效、情感共鸣,,3725,0.084
8,复仇者联盟2,Avengers Age of Ultron,51516,24987,5689,20840,0.48503377591427904,43614,7902,0.8466107617051013,3.976106,3.4995729482102647,3.499849536394971,6.249623840987427,8.466107617051012,7.14,0.998,16706,0.3242875999689417,画面特效、动作场面、整体观感、角色人物、爱情感情线、笑点幽默,,4706,0.0914
21,美人鱼,The Mermaid,70831,33086,12518,25227,0.4671118578023747,59094,11737,0.8342957179765922,3.9113793,3.3869068628143046,3.387266973122652,5.968167432806631,8.342957179765921,6.92,0.999,115280,1.6275359658906412,笑点幽默、主题立意、情感共鸣、氛围风格、题材受众、整体观感,广告植入,5164,0.0729
11,大鱼海棠,Big Fish and Begonia,81161,34934,20971,25256,0.4304284077327781,64717,16444,0.797390372223112,3.871354,3.263870578233388,3.264336319643652,5.66084079910913,7.97390372223112,6.59,0.999,161017,1.983920848683481,画面特效、配乐音效、情感共鸣、整体观感、爱情感情线、氛围风格,广告植入、台词对白,5348,0.0659
5,变形金刚4,Transformers Age of Extinction,56211,22209,11726,22276,0.3951006030848055,43028,13183,0.7654729501343154,3.731423,3.256088665919482,3.2567745852597687,5.641936463149422,7.654729501343153,6.45,0.998,9875,0.1756773585241323,画面特效、动作场面、整体观感、配乐音效、笑点幽默、角色人物,导演执导,4739,0.0843
27,长城,The Great Wall,80093,37661,27458,14974,0.470215874046421,60655,19438,0.7573071304608393,3.7444518,3.1602886644276027,3.1608897743015327,5.402224435753832,7.573071304608393,6.27,0.999,177659,2.218158890290038,画面特效、动作场面、整体观感、节奏剪辑、配乐音效、情感共鸣,广告植入,15805,0.1973
23,西游伏妖篇,Journey to the West The Demons Strike Back,88739,34853,30909,22977,0.3927585390865347,62755,25984,0.7071862428019248,3.5709078,3.0790407825195234,3.079674846301318,5.199187115753295,7.071862428019248,5.95,0.999,430026,4.8459640068064775,画面特效、笑点幽默、氛围风格、动作场面、角色人物、改编还原,广告植入、演技表演、台词对白,6076,0.0685
15,左耳,The Left Ear,38049,10018,15349,12682,0.26329207075087385,24796,13253,0.6516859838629137,3.4038641,2.783989066729743,2.7862390539873343,4.4655976349683355,6.516859838629136,5.29,0.997,31712,0.833451601881784,爱情感情线、结局结尾、情感共鸣、笑点幽默、画面特效、氛围风格,台词对白、广告植入,2766,0.0727
16,栀子花开,Forever Young,28879,7836,17441,3602,0.2713390352851553,15388,13491,0.5328439350393019,3.0672476,2.440250701201565,2.444398829171566,3.6109970729289156,5.328439350393019,4.3,0.997,116656,4.039475051075176,笑点幽默、情感共鸣、爱情感情线、结局结尾、氛围风格,广告植入、台词对白、导演执导、演技表演,2228,0.0771
13,小时代1,Tiny Times 1.0,84887,16349,48065,20473,0.19259721747735226,45472,39415,0.535676840976828,3.0552278,2.3547186259380117,2.3562337024552322,3.3905842561380806,5.35676840976828,4.18,0.999,101939,1.2008788153663106,情感共鸣、笑点幽默、结局结尾、爱情感情线、画面特效,导演执导、剧情故事、台词对白、广告植入,7533,0.0887
1,九层妖塔,Chronicles of the Ghostly Tribe,42314,9380,25523,7411,0.22167604102661057,22186,20128,0.5243181925603819,3.0046334,2.380086968851917,2.3830629902994955,3.457657475748739,5.243181925603819,4.17,0.998,31530,0.745143451339982,画面特效、结局结尾、氛围风格、动作场面、笑点幽默,演技表演、剧情故事、广告植入、导演执导、台词对白、演员选角,6744,0.1594
14,小时代3,Tiny Times 3.0,38385,6302,24767,7316,0.16417871564413183,20501,17884,0.5340888367852026,3.0506058,2.171212713299466,2.1750353038992545,2.937588259748136,5.340888367852026,3.9,0.997,57419,1.4958707828578872,笑点幽默、情感共鸣、画面特效、结局结尾、爱情感情线、配乐音效,导演执导、广告植入、剧情故事、台词对白,4066,0.1059
2,何以笙箫默,My Sunshine,25212,2568,19279,3365,0.10185625892432175,10823,14389,0.4292797080755196,2.719059,1.826273203236554,1.8334479168205915,2.0836197920514787,4.292797080755196,2.97,0.996,54322,2.154608916389021,笑点幽默、情感共鸣、爱情感情线、画面特效,广告植入、演技表演、导演执导、台词对白、节奏剪辑、剧情故事,2468,0.0979
