movie_id,movie_cn,movie_en,n_reviews,n_suspect,suspect_rate,mean_spam_score,day_burst_p999,spam_dup_same_movie,spam_dup_cross_movie,spam_template,spam_ad,spam_user_burst,spam_user_repeat,spam_movie_day_burst,spam_rating_mismatch,spam_like_bomb,spam_low_info
0,七月与安生,Soulmate,66116,4234,0.064,0.0783,17743.0,2772,1682,604,296,0,5008,0,556,2,3432
1,九层妖塔,Chronicles of the Ghostly Tribe,42314,6744,0.1594,0.1398,17743.0,5357,2415,1359,182,0,1542,0,806,3,3486
2,何以笙箫默,My Sunshine,25212,2468,0.0979,0.0963,17743.0,1284,1527,75,121,0,845,0,659,2,2375
3,你的名字,Your Name,108409,9295,0.0857,0.101,17743.0,6652,3650,1607,929,67,9352,0,650,8,7573
4,十二生肖,Chinese Zodiac,44336,3725,0.084,0.0893,17743.0,2263,1884,112,239,51,2453,0,553,1,3793
5,变形金刚4,Transformers Age of Extinction,56211,4739,0.0843,0.0931,17743.0,2732,2608,140,391,0,3306,0,921,3,5005
6,后会无期,The Continent,115380,10383,0.09,0.1067,17743.0,7351,3940,2134,593,128,10579,0,1279,6,8259
7,复仇者联盟,The Avengers,74844,7429,0.0993,0.1137,17743.0,4818,3658,251,467,587,6463,0,618,1,7924
8,复仇者联盟2,Avengers Age of Ultron,51516,4706,0.0914,0.0981,17743.0,2799,2985,76,373,0,2584,0,791,2,5033
9,夏洛特烦恼,Goodbye Mr. Loser,104250,9219,0.0884,0.1066,17743.0,6665,5218,473,374,0,9380,0,1131,4,8554
10,大圣归来,CUG King of Heroes,128113,11393,0.0889,0.1032,17743.0,8948,5305,606,475,0,11196,0,862,0,9943
11,大鱼海棠,Big Fish and Begonia,81161,5348,0.0659,0.0795,17743.0,2899,2385,679,357,25,6001,0,1390,2,4389
12,寻龙诀,The Ghouls,109026,8381,0.0769,0.0943,17743.0,6088,4778,224,382,21,9361,0,860,4,7487
13,小时代1,Tiny Times 1.0,84887,7533,0.0887,0.1002,17743.0,4215,3805,209,517,59,6570,0,1969,5,6761
14,小时代3,Tiny Times 3.0,38385,4066,0.1059,0.1025,17743.0,1955,2144,43,225,0,1558,0,1346,1,3954
15,左耳,The Left Ear,38049,2766,0.0727,0.0767,17743.0,1532,1348,378,156,0,1544,0,610,1,2713
16,栀子花开,Forever Young,28879,2228,0.0771,0.0787,17743.0,1185,1337,93,148,0,1016,0,469,10,2182
17,泰囧,Lost In Thailand,81715,9127,0.1117,0.1285,17743.0,6961,5128,162,536,70,7659,0,649,2,9081
18,湄公河行动,Operation Mekong,33583,1895,0.0564,0.0619,17743.0,1056,1095,52,165,0,1152,0,256,3,2338
19,爱乐之城,La La Land,94220,6028,0.064,0.083,17743.0,4115,2042,1482,573,89,8150,0,533,0,4502
20,疯狂动物城,Zootopia,130453,12878,0.0987,0.119,17743.0,10590,6107,1427,719,36,12849,0,401,3,12149
21,美人鱼,The Mermaid,70831,5164,0.0729,0.0867,17743.0,3254,3014,88,279,0,4976,0,810,11,5232
22,美国队长3,Captain America Civil War,61841,4729,0.0765,0.0836,17743.0,2947,2208,165,327,5,3408,0,818,3,4934
23,西游伏妖篇,Journey to the West The Demons Strike Back,88739,6076,0.0685,0.0824,17743.0,3317,3447,131,286,89,6714,0,1586,32,5097
24,西游降魔篇,Journey to the West Conquering the Demons,76878,7116,0.0926,0.1067,17743.0,4859,3494,413,363,23,6595,0,902,1,6770
25,釜山行,Train to Busan,98706,6596,0.0668,0.0819,17743.0,4654,2550,222,469,26,8297,0,633,2,5910
26,钢铁侠1,Iron Man,22053,2117,0.096,0.101,17743.0,1472,1183,117,62,5,759,0,194,0,2773
27,长城,The Great Wall,80093,15805,0.1973,0.1636,17743.0,13060,2792,895,440,200,7645,0,1716,7,4751
